journal,year,volume,issue,type,title,doi
Journal of Experimental Political Science,2026,13,2,Replication Study,Life-or-Death Framing of Public-Health Policy in a Pandemic,10.1017/XPS.2025.7
Journal of Experimental Political Science,2026,13,2,Research Article,Pro-equality initiatives increase expressed sexism among men but may improve trust among women football fans,10.1017/XPS.2025.10009
Journal of Experimental Political Science,2026,13,2,Research Article,Immigration is difficult?! Informing voters about immigration policy fosters pro-immigration views,10.1017/XPS.2024.21
Journal of Experimental Political Science,2026,13,2,Research Article,International Reputation Costs and Assurances: A Case of East Asia,10.1017/xps.2025.10005
Journal of Experimental Political Science,2026,13,2,Research Article,"Debunking NIMBY Myths Increases Support for Affordable Housing, Especially Near Respondents’ Homes",10.1017/XPS.2025.10014
Journal of Experimental Political Science,2026,13,2,Research Article,Americans’ Perceptions About Immigrants from Different World Regions: Evidence from a Multinomial Conjoint Experiment,10.1017/XPS.2025.5
Journal of Experimental Political Science,2026,13,2,Research Article,Balanced Messaging about Solar Geoengineering does not Reduce Average Support for Emissions Reductions,10.1017/XPS.2025.10017
Journal of Experimental Political Science,2026,13,2,Research Article,Voter Preferences for Ethnoracial Minority Candidates: The Role of Policy Alignment and Shared Identity,10.1017/XPS.2025.1
Journal of Experimental Political Science,2026,13,1,Research Article,Can Monuments to Victims Increase Tolerance?,10.1017/XPS.2025.10022
Journal of Experimental Political Science,2026,13,1,Research Article,No One Mourns the Wicked: The Limits of Partisan Hostility Persisting through Tragedy,10.1017/XPS.2025.10019
Journal of Experimental Political Science,2026,13,1,Research Article,"What Drives Perceptions of the Political in Online Advertising?: The Source, Content, and Political Orientation",10.1017/XPS.2025.4
Journal of Experimental Political Science,2026,13,1,Research Article,Exposure to Online Abuse of Politicians Does Not Scare Citizens Away From Politics,10.1017/XPS.2024.20
Journal of Experimental Political Science,2026,13,1,Research Article,Solidarity Between People of Color: Two Blockage Experiments Suggest It Is Causal and Resistant to a Divisive Threat,10.1017/XPS.2025.3
Journal of Experimental Political Science,2026,13,1,Preregistered Report,How Language Shapes Belief in Misinformation: A Study Among Multilinguals in Ukraine,10.1017/XPS.2025.10011
Journal of Experimental Political Science,2026,13,1,Preregistered Report,Can Politicians Say That? What Shapes Public Responses to Speech Scandals,10.1017/XPS.2025.10010
Journal of Experimental Political Science,2026,13,1,Preregistered Report,A Registered Report on Place-Based Resentment: Exploring Urban-Rural Tensions in Sweden,10.1017/XPS.2025.10021
Journal of Experimental Political Science,2026,13,1,Correction,Partisanship Unmasked? The Role of Politics and Social Norms in COVID-19 Mask-Wearing Behavior – CORRIGENDUM,10.1017/XPS.2025.10016
Journal of Experimental Political Science,2026,13,1,Corrigendum,The Effects of Unsubstantiated Claims of Voter Fraud on Confidence in Elections – CORRIGENDUM,10.1017/XPS.2025.10020
Journal of Experimental Political Science,2025,12,3,Research Article,Level Up! Priming Hobbyist Political Identity Using Survey Experiment,10.1017/XPS.2024.9
Journal of Experimental Political Science,2025,12,3,Research Article,Are Goodwill Ambassadors Good for Business? The Impact of Celebrities on International Organization Fundraising,10.1017/XPS.2024.6
Journal of Experimental Political Science,2025,12,3,Research Article,Hometown Advantage: Voter Preferences for Community Embeddedness in Local Contests,10.1017/XPS.2024.16
Journal of Experimental Political Science,2025,12,3,Research Article,"We Only Care What You Do, Not Who You Are: Reexamining Human Rights and Public Support for War",10.1017/XPS.2024.19
Journal of Experimental Political Science,2025,12,3,Research Article,"Same-Sex Schooling, Political Participation, and Gender Attitudes? Evidence from a Natural Experiment in South Korea",10.1017/XPS.2025.6
Journal of Experimental Political Science,2025,12,3,Research Article,Introducing ReChat: A Lab-in-the-Cloud for Text Discussions,10.1017/XPS.2024.18
Journal of Experimental Political Science,2025,12,3,Preregistered Report,"Status Threat, Partisanship, and Voters’ Conservative Shift Toward Right-Wing Candidates",10.1017/XPS.2025.10006
Journal of Experimental Political Science,2025,12,2,Research Article,Triangulating the Relationship Between Education and Attitudes Toward Immigration,10.1017/XPS.2024.7
Journal of Experimental Political Science,2025,12,2,Research Article,Judges Behaving Badly: Judicial Misconduct and a Threat to Rights,10.1017/XPS.2024.8
Journal of Experimental Political Science,2025,12,2,Research Article,Is a Picture Worth 280 Characters?: Contextually Realistic Graphics vs. Plain Text in Survey Experiments,10.1017/XPS.2024.10
Journal of Experimental Political Science,2025,12,2,Research Article,Transparent Corruption: The Effect of Illicit Connections and Trusted References on the Demand for Bureaucratic Intermediation,10.1017/XPS.2024.13
Journal of Experimental Political Science,2025,12,2,Research Article,Vulnerability Appeals in the COVID-19 Pandemic: Insights from a National Survey Experiment,10.1017/XPS.2024.14
Journal of Experimental Political Science,2025,12,2,Replication Study,Empathic Concern and Perspective-Taking Have Opposite Effects on Affective Polarization,10.1017/XPS.2024.17
Journal of Experimental Political Science,2025,12,1,Research Article,The neural mechanisms of race priming in American politics,10.1017/XPS.2024.12
Journal of Experimental Political Science,2025,12,1,Research Article,Incentivizing Responses in International Organization Elite Surveys: Evidence from the World Bank,10.1017/XPS.2023.39
Journal of Experimental Political Science,2025,12,1,Research Article,When Do Voters See Fraud? Evaluating the Effects of Poll Supervision on Perceptions of Integrity,10.1017/XPS.2024.5
Journal of Experimental Political Science,2025,12,1,Research Article,Going Negative in Autocracy: A Field Experiment at the Moscow Mayoral Elections,10.1017/XPS.2024.11
Journal of Experimental Political Science,2025,12,1,Research Article,"Introducing the Visual Conjoint, with an Application to Candidate Evaluation on Social Media",10.1017/XPS.2024.15
Journal of Experimental Political Science,2025,12,1,Research Article,The Way She Moves: Political Repositioning and Gender Stereotypes,10.1017/XPS.2024.4
Journal of Experimental Political Science,2025,12,1,Research Article,Public Responses to Unilateral Policymaking,10.1017/XPS.2024.3
Journal of Experimental Political Science,2025,12,1,Research Article,"(Small D-democratic) vacation, all I ever wanted? The effect of democratic backsliding on leisure travel in the American states",10.1017/XPS.2023.40
Journal of Experimental Political Science,2025,12,1,Research Article,More than meets the ITT: A guide for anticipating and investigating nonsignificant results in survey experiments,10.1017/XPS.2024.1
Journal of Experimental Political Science,2025,12,1,Replication Study,Measuring Support for Welfare Policies: Implications for the Effects of Race and Deservingness Stereotypes,10.1017/XPS.2023.31
Journal of Experimental Political Science,2024,11,3,Research Article,Inoculation Reduces Misinformation: Experimental Evidence from Multidimensional Interventions in Brazil,10.1017/XPS.2023.11
Journal of Experimental Political Science,2024,11,3,Research Article,Why Do People Use Informal Justice? Experimental Evidence from Kosovo,10.1017/XPS.2023.18
Journal of Experimental Political Science,2024,11,3,Research Article,Testing the Effect of Information on Discerning the Veracity of News in Real Time,10.1017/XPS.2023.20
Journal of Experimental Political Science,2024,11,3,Research Article,Paying for growth or goods: Tax morale among property owners in Lagos,10.1017/XPS.2023.27
Journal of Experimental Political Science,2024,11,3,Research Article,Police Shooting Statistics and Public Support for Police Reforms,10.1017/XPS.2023.30
Journal of Experimental Political Science,2024,11,3,Research Article,Combating Hateful Attitudes and Online Browsing Behavior: The Case of Antisemitism,10.1017/XPS.2023.32
Journal of Experimental Political Science,2024,11,3,Research Article,(How) Do Information Campaigns Influence Migration Decisions?,10.1017/XPS.2023.36
Journal of Experimental Political Science,2024,11,3,Research Article,Public Health Communication Reduces COVID-19 Misinformation Sharing and Boosts Self-Efficacy,10.1017/XPS.2024.2
Journal of Experimental Political Science,2024,11,3,Research Article,Inaccurate forecasting of a randomized controlled trial,10.1017/XPS.2023.28
Journal of Experimental Political Science,2024,11,3,Replication Study,It Matters What and Where We Measure: Education and Ideology in a Swedish Twin Design,10.1017/XPS.2023.34
Journal of Experimental Political Science,,,,Short Report,Guest Editor Introduction to a Special Issue in Honor of Becky Morton,10.1017/XPS.2023.33
Journal of Experimental Political Science,,,,Research Article,Ranking Candidates in Local Elections: Neither Panacea nor Catastrophe for Candidates of Color,10.1017/XPS.2023.6
Journal of Experimental Political Science,,,,Research Article,Information Transmission in a Social Network: A Field Experiment,10.1017/XPS.2023.21
Journal of Experimental Political Science,,,,Research Article,A Practical Guide to Dealing with Attrition in Political Science Experiments,10.1017/XPS.2023.22
Journal of Experimental Political Science,,,,Research Article,Assessing the Validity of Prevalence Estimates in Double List Experiments,10.1017/XPS.2023.24
Journal of Experimental Political Science,,,,Research Article,Making sense of voting “habits”: Applying the process model of behavior change to a series of large-scale get-out-the-vote experiments,10.1017/XPS.2023.25
Journal of Experimental Political Science,,,,Research Article,Experimental Methods for Measuring Social Networks without Censoring,10.1017/XPS.2023.23
Journal of Experimental Political Science,,,,Research Article,Recognition probability in legislative bargaining,10.1017/XPS.2023.26
Journal of Experimental Political Science,,,,Research Article,Discussion and Fairness in a Laboratory Voting Experiment,10.1017/XPS.2023.29
Journal of Experimental Political Science,,,,Addendum,Discussion and Fairness in a Laboratory Voting Experiment – ADDENDUM,10.1017/XPS.2023.35
Journal of Experimental Political Science,2024,11,1,Preregistered Report,The Politicization of COVID-19 and Anti-Asian Racism in the United States: An Experimental Approach,10.1017/XPS.2023.16
Journal of Experimental Political Science,2024,11,1,Research Article,Does Interacting with Women Encourage Civic and Prosocial Attitudes? Evidence from Simulated Contact Experiments in Saudi Arabia and Kuwait,10.1017/XPS.2023.15
Journal of Experimental Political Science,2024,11,1,Research Article,Null Effects of Pro-Democracy Speeches by U.S. Republicans in the Aftermath of January 6th,10.1017/XPS.2023.17
Journal of Experimental Political Science,2024,11,1,Research Article,Using Citizen Voice to Evaluate Experiments on Politicians: A UK Survey Experiment,10.1017/XPS.2023.3
Journal of Experimental Political Science,2024,11,1,Research Article,Corruption and Political Support: The Case of Peru’s Vacuna-gate Scandal,10.1017/XPS.2023.7
Journal of Experimental Political Science,2024,11,1,Research Article,The “Commitment Trap” Revisited: Experimental Evidence on Ambiguous Nuclear Threats,10.1017/XPS.2023.8
Journal of Experimental Political Science,2024,11,1,Research Article,The Limits of Lobbying: Null Effects from Four Field Experiments in Two State Legislatures,10.1017/XPS.2022.25
Journal of Experimental Political Science,2024,11,1,Research Article,The Corrections Dilemma: Media Retractions Increase Belief Accuracy But Decrease Trust,10.1017/XPS.2023.4
Journal of Experimental Political Science,2024,11,1,Replication Study,Does Stereotype Threat Contribute to the Political Knowledge Gender Gap? A Preregistered Replication Study of Ihme and Tausendpfund (2018),10.1017/XPS.2022.35
Journal of Experimental Political Science,2023,10,3,Preregistered Report,The effect of incentives on motivated numeracy amidst COVID-19,10.1017/XPS.2022.32
Journal of Experimental Political Science,2023,10,3,Research Article,When Do Sources Persuade? The Effect of Source Credibility on Opinion Change,10.1017/XPS.2022.2
Journal of Experimental Political Science,2023,10,3,Research Article,Can Policy Responses to Pandemics Reduce Mass Fear?,10.1017/XPS.2022.7
Journal of Experimental Political Science,2023,10,3,Research Article,The Impact of Emotional versus Instrumental Reasons for Dual Citizenship on the Perceived Loyalty and Political Tolerance of Immigrant-Origin Minorities,10.1017/XPS.2022.17
Journal of Experimental Political Science,2023,10,3,Research Article,Taking the Cloth: Social Norms and Elite Cues Increase Support for Masks among White Evangelical Americans,10.1017/XPS.2022.22
Journal of Experimental Political Science,2023,10,3,Research Article,Partisanship Unmasked? The Role of Politics and Social Norms in COVID-19 Mask-Wearing Behavior,10.1017/XPS.2022.20
Journal of Experimental Political Science,2023,10,3,Research Article,The Civic Option? Using Experiments to Estimate the Effects of Consuming Information in Local Elections,10.1017/XPS.2022.19
Journal of Experimental Political Science,2023,10,3,Research Article,Which Police Departments Want Reform? Barriers to Evidence-Based Policymaking,10.1017/XPS.2022.21
Journal of Experimental Political Science,2023,10,3,Research Article,Can Addressing Integrity Concerns about Mail Balloting Increase Turnout? Results from a Large-Scale Field Experiment in the 2020 Presidential Election,10.1017/XPS.2022.31
Journal of Experimental Political Science,2023,10,3,Research Article,The Effect of Biased Peacekeepers on Building Trust,10.1017/XPS.2023.12
Journal of Experimental Political Science,2023,10,3,Replication Study,Populism and Candidate Support in the US: The Effects of “Thin” and “Host” Ideology,10.1017/XPS.2022.9
Journal of Experimental Political Science,2023,10,3,Short Report,Moderator Placement in Survey Experiments: Racial Resentment and the “Welfare” versus “Assistance to the Poor” Question Wording Experiment,10.1017/XPS.2022.18
Journal of Experimental Political Science,2023,10,3,Short Report,Basking in Their Glory? Expressive Partisanship among People of Color Before and After the 2020 US Election,10.1017/XPS.2022.27
Journal of Experimental Political Science,2023,10,3,Short Report,Political and Social Discussion Network Survey Items Are Not Interchangeable,10.1017/XPS.2022.34
Journal of Experimental Political Science,2023,10,3,"Front Cover (OFC, IFC) and matter",XPS volume 10 issue 3 Cover and Front matter,10.1017/XPS.2023.37
Journal of Experimental Political Science,2023,10,3,"Back Cover (IBC, OBC) and matter",XPS volume 10 issue 3 Cover and Back matter,10.1017/XPS.2023.38
Journal of Experimental Political Science,2023,10,2,Preregistered Report,"Childcare, Work, and Household Labor During a Pandemic: Evidence on Parents’ Preferences in the United States",10.1017/XPS.2022.24
Journal of Experimental Political Science,2023,10,2,Preregistered Report,Objectified and Dehumanized: Does Objectification Impact Perceptions of Women Political Candidates?,10.1017/XPS.2022.15
Journal of Experimental Political Science,2023,10,2,Research Article,Large-Scale Evidence for the Effectiveness of Partisan GOTV Robo Calls,10.1017/XPS.2022.16
Journal of Experimental Political Science,2023,10,2,Research Article,Trust Nobody: How Voters React to Conspiracy Theories,10.1017/XPS.2022.11
Journal of Experimental Political Science,2023,10,2,Research Article,"Ought It Audit? Information, Values, and Public Support for the Internal Revenue Service",10.1017/XPS.2022.26
Journal of Experimental Political Science,2023,10,2,Research Article,"Let Me Be the Judge: Ideology, Identity, and Judicial Selection",10.1017/XPS.2022.10
Journal of Experimental Political Science,2023,10,2,Research Article,Do Survey Questions Spread Conspiracy Beliefs?,10.1017/XPS.2023.1
Journal of Experimental Political Science,2023,10,2,Research Article,"Did Ohio’s Vaccine Lottery Increase Vaccination Rates? A Pre-Registered, Synthetic Control Study",10.1017/XPS.2021.32
Journal of Experimental Political Science,2023,10,2,Research Article,Email Mobilization Messages Suppress Turnout Among Black and Latino Voters: Experimental Evidence From the 2016 General Election,10.1017/XPS.2021.34
Journal of Experimental Political Science,2023,10,2,Research Article,The Big Lie: Expressive Responding and Misperceptions in the United States,10.1017/XPS.2022.33
Journal of Experimental Political Science,2023,10,2,Research Article,An Experimental Test of the Effects of Fear in a Coordination Game,10.1017/XPS.2023.10
Journal of Experimental Political Science,2023,10,2,Short Report,How Dropping Subjects Who Failed Manipulation Checks Can Bias Your Results: An Illustrative Case,10.1017/XPS.2022.28
Journal of Experimental Political Science,2023,10,2,Corrigendum,“The Generalizability of Online Experiments Conducted During The COVID-19 Pandemic” – CORRIGENDUM,10.1017/XPS.2022.23
Journal of Experimental Political Science,2023,10,2,Addendum,Email Mobilization Messages Suppress Turnout Among Black and Latino Voters: Experimental Evidence From the 2016 General Election – ADDENDUM,10.1017/XPS.2023.19
Journal of Experimental Political Science,2023,10,2,"Front Cover (OFC, IFC) and matter",XPS volume 10 issue 2 Cover and Front matter,10.1017/XPS.2023.13
Journal of Experimental Political Science,2023,10,2,"Back Cover (IBC, OBC) and matter",XPS volume 10 issue 2 Cover and Back matter,10.1017/XPS.2023.14
Journal of Experimental Political Science,2023,10,1,Editor’s Note,Welcome from the Editors,10.1017/XPS.2023.5
Journal of Experimental Political Science,2023,10,1,Preregistered Report,Optimal Persuasion under Confirmation Bias: Theory and Evidence From a Registered Report,10.1017/XPS.2021.21
Journal of Experimental Political Science,2023,10,1,Preregistered Report,Complementary or Competing Frames? The Impact of Economic and Public Health Messages on COVID-19 Attitudes,10.1017/XPS.2022.6
Journal of Experimental Political Science,2023,10,1,Research Article,The Effects of Unsubstantiated Claims of Voter Fraud on Confidence in Elections,10.1017/XPS.2021.18
Journal of Experimental Political Science,2023,10,1,Research Article,Estimating the Persistence of Party Cue Influence in a Panel Survey Experiment,10.1017/XPS.2021.22
Journal of Experimental Political Science,2023,10,1,Research Article,Can Warm Behavior Mitigate the Negative Effect of Unfavorable Governmental Decisions on Citizens’ Trust?,10.1017/XPS.2021.23
Journal of Experimental Political Science,2023,10,1,Research Article,Discriminatory Immigration Bans Elicit Anti-Americanism in Targeted Communities: Evidence from Nigerian Expatriates,10.1017/XPS.2021.26
Journal of Experimental Political Science,2023,10,1,Research Article,Why Join? How Civil Society Organizations’ Attributes Signal Congruence and Impact Community Engagement,10.1017/XPS.2021.27
Journal of Experimental Political Science,2023,10,1,Research Article,Analogic Perspective-Taking and Attitudes Toward Political Organizations: An Experiment with a Teachers’ Union,10.1017/XPS.2021.28
Journal of Experimental Political Science,2023,10,1,Research Article,Do Identity Frames Impact Support for Multiracial Candidates? The Case of Kamala Harris,10.1017/XPS.2021.33
Journal of Experimental Political Science,2023,10,1,Research Article,Can Appeals for Peace Promote Tolerance and Mitigate Support for Extremism? Evidence from an Experiment with Adolescents in Burkina Faso,10.1017/XPS.2022.1
Journal of Experimental Political Science,2023,10,1,Research Article,Daughters Do Not Affect Political Beliefs in a New Democracy,10.1017/XPS.2022.3
Journal of Experimental Political Science,2023,10,1,Short Report,"Fraud in Online Surveys: Evidence from a Nonprobability, Subpopulation Sample",10.1017/XPS.2022.8
Journal of Experimental Political Science,2023,10,1,Addendum,"Fraud in Online Surveys: Evidence from a Nonprobability, Subpopulation Sample – ADDENDUM",10.1017/XPS.2022.12
Journal of Experimental Political Science,2023,10,1,"Front Cover (OFC, IFC) and matter",XPS volume 10 issue 1 Cover and Front matter,10.1017/XPS.2023.2
Journal of Experimental Political Science,2023,10,1,"Back Cover (IBC, OBC) and matter",XPS volume 10 issue 1 Cover and Back matter,10.1017/XPS.2023.9
Journal of Experimental Political Science,2022,9,3,Preregistered Report,Refugees to the Rescue? Motivating Pro-Refugee Public Engagement During the COVID-19 Pandemic,10.1017/XPS.2021.11
Journal of Experimental Political Science,2022,9,3,Preregistered Report,All in This Together? A Preregistered Report on Deservingness of Government Aid During the COVID-19 Pandemic,10.1017/XPS.2021.10
Journal of Experimental Political Science,2022,9,3,Research Article,Islam and Mass Preferences Toward Foreign Direct Investment in Tunisia,10.1017/XPS.2021.5
Journal of Experimental Political Science,2022,9,3,Research Article,Are Politicians More Responsive Towards Men’s or Women’s Service Delivery Requests? A Survey Experiment with Ugandan Politicians,10.1017/XPS.2021.24
Journal of Experimental Political Science,2022,9,3,Research Article,Rejecting Non-Paternalist Motivation: An Experimental Test,10.1017/XPS.2021.12
Journal of Experimental Political Science,2022,9,3,Research Article,Individualized Text Messages about Public Services Fail to Sway Voters: Evidence from a Field Experiment on Ugandan Elections,10.1017/XPS.2021.15
Journal of Experimental Political Science,2022,9,3,Research Article,The Face of the Problem: How Subordinates Shield Executives from Blame,10.1017/XPS.2021.16
Journal of Experimental Political Science,2022,9,3,Research Article,The Effects of Source Cues and Issue Frames During COVID-19,10.1017/XPS.2021.3
Journal of Experimental Political Science,2022,9,3,Research Article,The Generalizability of Online Experiments Conducted During the COVID-19 Pandemic,10.1017/XPS.2021.17
Journal of Experimental Political Science,2022,9,3,Replication Study,Is “Constitutional Veneration” an Obstacle to Constitutional Amendment?,10.1017/XPS.2021.29
Journal of Experimental Political Science,2022,9,3,"Front Cover (OFC, IFC) and matter",XPS volume 9 issue 3 Cover and Front matter,10.1017/XPS.2022.29
Journal of Experimental Political Science,2022,9,3,"Back Cover (IBC, OBC) and matter",XPS volume 9 issue 3 Cover and Back matter,10.1017/XPS.2022.30
Journal of Experimental Political Science,2022,9,2,Preregistered Report,How Bad is it? Elite Influence and the Perceived Seriousness of the Coronavirus Pandemic,10.1017/XPS.2020.45
Journal of Experimental Political Science,2022,9,2,Preregistered Report,Education and Social Capital,10.1017/XPS.2021.6
Journal of Experimental Political Science,2022,9,2,Preregistered Report,"Labor Market Volatility, Gender, and Trade Preferences",10.1017/XPS.2021.9
Journal of Experimental Political Science,2022,9,2,Research Article,Teargas and Selfie Cams: Foreign Protests and Media in the Digital Age,10.1017/XPS.2021.1
Journal of Experimental Political Science,2022,9,2,Research Article,When Do Politicians Pursue More Policy Information?,10.1017/XPS.2020.42
Journal of Experimental Political Science,2022,9,2,Research Article,Self-Affirmation and Identity-Driven Political Behavior,10.1017/XPS.2020.46
Journal of Experimental Political Science,2022,9,2,Research Article,Experimental Measurement of Misperception in Political Beliefs,10.1017/XPS.2021.2
Journal of Experimental Political Science,2022,9,2,Research Article,"Genes, Ideology, and Sophistication",10.1017/XPS.2021.4
Journal of Experimental Political Science,2022,9,2,Research Article,You Won’t Believe Our Results! But They Might: Heterogeneity in Beliefs About the Accuracy of Online Media,10.1017/XPS.2020.41
Journal of Experimental Political Science,2022,9,2,Corrigendum,Education and Social Capital – Corrigendum,10.1017/XPS.2021.14
Journal of Experimental Political Science,2022,9,2,"Front Cover (OFC, IFC) and matter",XPS volume 9 issue 2 Cover and Front matter,10.1017/XPS.2022.13
Journal of Experimental Political Science,2022,9,2,"Back Cover (IBC, OBC) and matter",XPS volume 9 issue 2 Cover and Back matter,10.1017/XPS.2022.14
Journal of Experimental Political Science,2022,9,1,Preregistered Report,Through Their Own Eyes: The Implications of COVID-19 for PhD Students,10.1017/XPS.2020.34
Journal of Experimental Political Science,2022,9,1,Research Article,Prosociality in Majority Decisions: A Laboratory Experiment on the Robustness of the Uncovered Set,10.1017/XPS.2020.43
Journal of Experimental Political Science,2022,9,1,Research Article,The Majoritarian Threat to Liberal Democracy,10.1017/XPS.2020.44
Journal of Experimental Political Science,2022,9,1,Research Article,Self-Efficacy and Citizen Engagement in Development: Experimental Evidence from Tanzania,10.1017/XPS.2020.47
Journal of Experimental Political Science,2022,9,1,Research Article,"Correcting Citizens’ Misperceptions about non-Western Immigrants: Corrective Information, Interpretations, and Policy Opinions",10.1017/XPS.2020.35
Journal of Experimental Political Science,2022,9,1,Research Article,"Scandal, Hypocrisy, and Resignation: How Partisanship Shapes Evaluations of Politicians’ Transgressions",10.1017/XPS.2020.36
Journal of Experimental Political Science,2022,9,1,Research Article,"Race, Dehumanization, and the NFL National Anthem Protests",10.1017/XPS.2020.33
Journal of Experimental Political Science,2022,9,1,Research Article,All the News That’s Fit to Fabricate: AI-Generated Text as a Tool of Media Misinformation,10.1017/XPS.2020.37
Journal of Experimental Political Science,2022,9,1,Research Article,Citizens’ Attitudes to Contact Tracing Apps,10.1017/XPS.2020.30
Journal of Experimental Political Science,2022,9,1,Research Article,"If We Build It, Only Some Will Come: An Experimental Study of Mobilization for Seattle’s Democracy Voucher Program",10.1017/XPS.2020.32
Journal of Experimental Political Science,2022,9,1,Short Report,Information about Coronavirus Exposure Effects Attitudes Towards Voting Methods,10.1017/XPS.2020.38
Journal of Experimental Political Science,2022,9,1,"Front Cover (OFC, IFC) and matter",XPS volume 9 issue 1 Cover and Front matter,10.1017/XPS.2022.4
Journal of Experimental Political Science,2022,9,1,"Back Cover (IBC, OBC) and matter",XPS volume 9 issue 1 Cover and Back matter,10.1017/XPS.2022.5
Journal of Experimental Political Science,2021,8,3,Preregistered Report,Encouraging Indonesians to Pray From Home During the COVID-19 Pandemic,10.1017/XPS.2020.26
Journal of Experimental Political Science,2021,8,3,Preregistered Report,How Affective Polarization Shapes Americans’ Political Beliefs: A Study of Response to the COVID-19 Pandemic,10.1017/XPS.2020.28
Journal of Experimental Political Science,2021,8,3,Research Article,Linguistic Assimilation Does Not Reduce Discrimination Against Immigrants: Evidence from Germany,10.1017/XPS.2020.20
Journal of Experimental Political Science,2021,8,3,Research Article,Tribalism in America: Behavioral Experiments on Affective Polarization in the Trump Era,10.1017/XPS.2020.29
Journal of Experimental Political Science,2021,8,3,Research Article,The Democracy of Dating: How Political Affiliations Shape Relationship Formation,10.1017/XPS.2020.21
Journal of Experimental Political Science,2021,8,3,Research Article,Women Want an Answer! Field Experiments on Elected Officials and Gender Bias,10.1017/XPS.2020.23
Journal of Experimental Political Science,2021,8,3,Research Article,The Effect of Geostrategic Competition on Public Attitudes to Aid,10.1017/XPS.2020.27
Journal of Experimental Political Science,2021,8,3,Research Article,"Getting the Message? Choice, Self-Selection, and the Efficacy of Social Movement Arguments",10.1017/XPS.2020.24
Journal of Experimental Political Science,2021,8,3,Research Article,How to Survey Citizens’ Compliance with COVID-19 Public Health Measures: Evidence from Three Survey Experiments,10.1017/XPS.2020.25
Journal of Experimental Political Science,2021,8,3,"Front Cover (OFC, IFC) and matter",XPS volume 8 issue 3 Cover and Front matter,10.1017/XPS.2021.30
Journal of Experimental Political Science,2021,8,3,"Back Cover (IBC, OBC) and matter",XPS volume 8 issue 3 Cover and Back matter,10.1017/XPS.2021.31
Journal of Experimental Political Science,2021,8,2,Preregistered Report,Messaging Mask Wearing During the COVID-19 Crisis: Ideological Differences,10.1017/XPS.2020.15
Journal of Experimental Political Science,2021,8,2,Research Article,Don’t @ Me: Experimentally Reducing Partisan Incivility on Twitter,10.1017/XPS.2020.14
Journal of Experimental Political Science,2021,8,2,Research Article,Can Social Pressure Foster Responsiveness? An Open Records Field Experiment with Mayoral Offices,10.1017/XPS.2020.22
Journal of Experimental Political Science,2021,8,2,Research Article,Political Accountability and Democratic Institutions: An Experimental Assessment,10.1017/XPS.2020.10
Journal of Experimental Political Science,2021,8,2,Research Article,The Effectiveness of a Neighbor-to-Neighbor Get-Out-the-Vote Program: Evidence from the 2017 Virginia State Elections,10.1017/XPS.2020.11
Journal of Experimental Political Science,2021,8,2,Research Article,When Do Voters Sanction Corrupt Politicians?,10.1017/XPS.2020.13
Journal of Experimental Political Science,2021,8,2,Research Article,Institutional Design and Elite Support for Climate Policies: Evidence from Latin American Countries,10.1017/XPS.2020.19
Journal of Experimental Political Science,2021,8,2,Research Article,Self-Administered Field Surveys on Sensitive Topics,10.1017/XPS.2020.12
Journal of Experimental Political Science,2021,8,2,Replications,The Costs of Conflict and Support for the Use of Force: Accounting for Information Equivalence in Survey Experiments,10.1017/XPS.2020.18
Journal of Experimental Political Science,2021,8,2,Short Report,Inferring Intentions from Consequences: How Moral Judgments Shape Citizen Perceptions of Wartime Conduct,10.1017/XPS.2020.7
Journal of Experimental Political Science,2021,8,2,Erratum,Don’t @ Me: Experimentally Reducing Partisan Incivility on Twitter – Erratum,10.1017/XPS.2020.31
Journal of Experimental Political Science,2021,8,2,Corrigendum,When Do Voters Sanction Corrupt Politicians? – Corrigendum,10.1017/XPS.2021.13
Journal of Experimental Political Science,2021,8,2,"Front Cover (OFC, IFC) and matter",XPS volume 8 issue 2 Cover and Front matter,10.1017/XPS.2021.19
Journal of Experimental Political Science,2021,8,2,"Back Cover (IBC, OBC) and matter",XPS volume 8 issue 2 Cover and Back matter,10.1017/XPS.2021.20
Journal of Experimental Political Science,2021,8,1,Research Article,Measuring Simultaneous Emotions: Existing Problems and a New Way Forward,10.1017/XPS.2019.35
Journal of Experimental Political Science,2021,8,1,Research Article,All Sins are not Created Equal: The Factors that Drive Perceptions of Corruption Severity,10.1017/XPS.2019.33
Journal of Experimental Political Science,2021,8,1,Research Article,"Class, Ethnicity, and Cooperation Among Women: Evidence from a Public Goods Experiment in Lebanon",10.1017/XPS.2020.3
Journal of Experimental Political Science,2021,8,1,Research Article,When Should the Majority Rule? Experimental Evidence for Madisonian Judgments in Five Cultures,10.1017/XPS.2020.8
Journal of Experimental Political Science,2021,8,1,Research Article,Can Conversing with a Computer Increase Turnout? Mobilization Using Chatbot Communication,10.1017/XPS.2020.5
Journal of Experimental Political Science,2021,8,1,Research Article,Pricing Immigration,10.1017/XPS.2020.6
Journal of Experimental Political Science,2021,8,1,Replications,Who Do You Loathe? Feelings toward Politicians vs. Ordinary People in the Opposing Party,10.1017/XPS.2020.9
Journal of Experimental Political Science,2021,8,1,Short Report,Citizen Approval of Monetary- vs Goods-For-Votes Exchanges,10.1017/XPS.2020.4
Journal of Experimental Political Science,2021,8,1,"Front Cover (OFC, IFC) and matter",XPS volume 8 issue 1 Cover and Front matter,10.1017/XPS.2021.7
Journal of Experimental Political Science,2021,8,1,"Back Cover (IBC, OBC) and matter",XPS volume 8 issue 1 Cover and Back matter,10.1017/XPS.2021.8
Journal of Experimental Political Science,2020,7,3,Research Article,Does Exposure to Gender Role Models Increase Women’s Political Ambition? A Field Experiment with Politicians,10.1017/XPS.2019.21
Journal of Experimental Political Science,2020,7,3,Research Article,Countering Misperceptions to Reduce Prejudice: An Experiment on Attitudes toward Muslim Americans,10.1017/XPS.2019.22
Journal of Experimental Political Science,2020,7,3,Research Article,Persistent Bias Among Local Election Officials,10.1017/XPS.2019.23
Journal of Experimental Political Science,2020,7,3,Research Article,Drowned Out by the Noise? The Downstream Mobilisation Effects of Party Campaigning between Local and General Elections,10.1017/XPS.2019.20
Journal of Experimental Political Science,2020,7,3,Research Article,Does Deliberative Education Increase Civic Competence? Results from a Field Experiment,10.1017/XPS.2019.29
Journal of Experimental Political Science,2020,7,3,Research Article,Should We Worry About Sponsorship-Induced Bias in Online Political Science Surveys?,10.1017/XPS.2019.25
Journal of Experimental Political Science,2020,7,3,Research Article,The Effects of Certain and Uncertain Incentives on Effort and Knowledge Accuracy,10.1017/XPS.2019.27
Journal of Experimental Political Science,2020,7,3,Short Report,Does Process Matter? Direct Democracy and Citizens’ Perceptions of Laws,10.1017/XPS.2019.28
Journal of Experimental Political Science,2020,7,3,"Front Cover (OFC, IFC) and matter",XPS volume 7 issue 3 Cover and Front matter,10.1017/XPS.2020.39
Journal of Experimental Political Science,2020,7,3,"Back Cover (IBC, OBC) and matter",XPS volume 7 issue 3 Cover and Back matter,10.1017/XPS.2020.40
Journal of Experimental Political Science,2020,7,2,Research Article,"“I Didn’t Lie, I Misspoke”: Voters’ Responses to Questionable Campaign Claims",10.1017/XPS.2019.18
Journal of Experimental Political Science,2020,7,2,Research Article,"Open for Politics? Globalization, Economic Growth, and Responsibility Attribution",10.1017/XPS.2019.24
Journal of Experimental Political Science,2020,7,2,Research Article,"Political Competition, Partisanship, and Interpersonal Trust Under Party Dominance: Evidence from Post-Apartheid South Africa",10.1017/XPS.2019.17
Journal of Experimental Political Science,2020,7,2,Research Article,Does Perceiving Discrimination Influence Partisanship among U.S. Immigrant Minorities? Evidence from Five Experiments,10.1017/XPS.2019.14
Journal of Experimental Political Science,2020,7,2,Research Article,"Believe It or Not? Partisanship, Preferences, and the Credibility of Campaign Promises",10.1017/XPS.2019.16
Journal of Experimental Political Science,2020,7,2,Short Report,Campaign Mailers and Intent to Turnout: Do Similar Field and Survey Experiments Yield the Same Conclusions?,10.1017/XPS.2019.2
Journal of Experimental Political Science,2020,7,2,"Front Cover (OFC, IFC) and matter",XPS volume 7 issue 2 Cover and Front matter,10.1017/XPS.2020.16
Journal of Experimental Political Science,2020,7,2,"Back Cover (IBC, OBC) and matter",XPS volume 7 issue 2 Cover and Back matter,10.1017/XPS.2020.17
Journal of Experimental Political Science,2020,7,1,Research Article,"Coordination, Communication, and Information: How Network Structure and Knowledge Affect Group Behavior",10.1017/XPS.2019.10
Journal of Experimental Political Science,2020,7,1,Research Article,“Friends-and-Neighbors” Mobilization: A Field Experimental Replication and Extension,10.1017/XPS.2019.1
Journal of Experimental Political Science,2020,7,1,Research Article,Does Poverty Undermine Cooperation in Multiethnic Settings? Evidence from a Cooperative Investment Experiment,10.1017/XPS.2019.19
Journal of Experimental Political Science,2020,7,1,Research Article,Bread and Circuses: Sports and Public Opinion in China,10.1017/XPS.2019.15
Journal of Experimental Political Science,2020,7,1,Short Report,Studying Identities with Experiments: Weighing the Risk of Posttreatment Bias Against Priming Effects,10.1017/XPS.2019.26
Journal of Experimental Political Science,2020,7,1,Short Report,Coethnicity and Corruption: Field Experimental Evidence from Public Officials in Malawi,10.1017/XPS.2019.8
Journal of Experimental Political Science,2020,7,1,Corrigendum,Cross-Sample Comparisons and External Validity – CORRIGENDUM,10.1017/XPS.2019.7
Journal of Experimental Political Science,2020,7,1,Corrigendum,Studying Identities with Experiments: Weighing the Risk of Posttreatment Bias Against Priming Effects – Corrigendum,10.1017/XPS.2019.34
Journal of Experimental Political Science,2020,7,1,Erratum,Does Poverty Undermine Cooperation in Multiethnic Settings? Evidence from a Cooperative Investment Experiment – ERRATUM,10.1017/XPS.2019.30
Journal of Experimental Political Science,2020,7,1,"Front Cover (OFC, IFC) and matter",XPS volume 7 issue 1 Cover and Front matter,10.1017/XPS.2020.1
Journal of Experimental Political Science,2020,7,1,"Back Cover (IBC, OBC) and matter",XPS volume 7 issue 1 Cover and Back matter,10.1017/XPS.2020.2
Journal of Experimental Political Science,2019,6,3,Research Article,Public Voting and Prosocial Behavior,10.1017/XPS.2018.29
Journal of Experimental Political Science,2019,6,3,Research Article,Overseas Credit Claiming and Domestic Support for Foreign Aid,10.1017/XPS.2019.12
Journal of Experimental Political Science,2019,6,3,Research Article,Loss-Framed Arguments Can Stifle Political Activism,10.1017/XPS.2018.28
Journal of Experimental Political Science,2019,6,3,Research Article,Unfair Rules for Unequal Pay: Wage Discrimination and Procedural Justice,10.1017/XPS.2019.11
Journal of Experimental Political Science,2019,6,3,Short Report,Response Bias in Survey Measures of Voter Behavior: Implications for Measurement and Inference,10.1017/XPS.2019.9
Journal of Experimental Political Science,2019,6,3,Short Report,Accounting for Noncompliance in Survey Experiments,10.1017/XPS.2019.13
Journal of Experimental Political Science,2019,6,3,"Front Cover (OFC, IFC) and matter",XPS volume 6 issue 3 Cover and Front matter,10.1017/XPS.2019.31
Journal of Experimental Political Science,2019,6,3,"Back Cover (IBC, OBC) and matter",XPS volume 6 issue 3 Cover and Back matter,10.1017/XPS.2019.32
Journal of Experimental Political Science,2019,6,2,Research Article,Are There Long-Term Effects of the Vietnam Draft on Political Attitudes or Behavior? Apparently Not,10.1017/XPS.2018.18
Journal of Experimental Political Science,2019,6,2,Research Article,Calling Mogadishu: How Reminders of Anarchy Bias Survey Participation,10.1017/XPS.2018.20
Journal of Experimental Political Science,2019,6,2,Research Article,Service Representation in a Federal System: A Field Experiment,10.1017/XPS.2018.21
Journal of Experimental Political Science,2019,6,2,Research Article,Think Ahead: Cost Discounting and External Validity in Foreign Policy Survey Experiments,10.1017/XPS.2018.22
Journal of Experimental Political Science,2019,6,2,Research Article,Violence Exposure and Support for State Use of Force in a Non-Democracy,10.1017/XPS.2018.26
Journal of Experimental Political Science,2019,6,2,Research Article,Language Heightens the Political Salience of Ethnic Divisions,10.1017/XPS.2018.27
Journal of Experimental Political Science,2019,6,2,"Front Cover (OFC, IFC) and matter",XPS volume 6 issue 2 Cover and Front matter,10.1017/XPS.2019.5
Journal of Experimental Political Science,2019,6,2,"Back Cover (IBC, OBC) and matter",XPS volume 6 issue 2 Cover and Back matter,10.1017/XPS.2019.6
Journal of Experimental Political Science,2019,6,1,Short Report,Avoiding Post-Treatment Bias in Audit Experiments,10.1017/XPS.2018.9
Journal of Experimental Political Science,2019,6,1,Research Article,Misinformation and the Justification of Socially Undesirable Preferences,10.1017/XPS.2018.12
Journal of Experimental Political Science,2019,6,1,Research Article,"Weather, Risk, and Voting: An Experimental Analysis of the Effect of Weather on Vote Choice",10.1017/XPS.2018.13
Journal of Experimental Political Science,2019,6,1,Research Article,Commitment to Political Ideology is a Luxury Only Students Can Afford: A Distributive Justice Experiment,10.1017/XPS.2018.14
Journal of Experimental Political Science,2019,6,1,Research Article,Does Shared Social Disadvantage Cause Black–Latino Political Commonality?,10.1017/XPS.2018.15
Journal of Experimental Political Science,2019,6,1,Research Article,Alliance Formation in a Side-Taking Experiment,10.1017/XPS.2018.19
Journal of Experimental Political Science,2019,6,1,"Front Cover (OFC, IFC) and matter",XPS volume 6 issue 1 Cover and Front matter,10.1017/XPS.2019.3
Journal of Experimental Political Science,2019,6,1,"Back Cover (IBC, OBC) and matter",XPS volume 6 issue 1 Cover and Back matter,10.1017/XPS.2019.4
Journal of Experimental Political Science,2018,5,3,Editor's Note,The Value of Preregistration for Open and Credible Science: An Initiative from the Journal of Experimental Political Science,10.1017/XPS.2018.25
Journal of Experimental Political Science,2018,5,3,Research Article,Threat and Information Acquisition: Evidence from an Eight Country Study,10.1017/XPS.2018.4
Journal of Experimental Political Science,2018,5,3,Research Article,Do Gender Quotas Really Reduce Bias? Evidence from a Policy Experiment in Southern Africa,10.1017/XPS.2018.8
Journal of Experimental Political Science,2018,5,3,Research Article,Do People Contrast and Assimilate Candidate Ideology? An Experimental Test of the Projection Hypothesis,10.1017/XPS.2018.6
Journal of Experimental Political Science,2018,5,3,Research Article,Does Inequality Beget Inequality? Experimental Tests of the Prediction that Inequality Increases System Justification Motivation,10.1017/XPS.2018.2
Journal of Experimental Political Science,2018,5,3,Research Article,Pay Rates and Subject Performance in Social Science Experiments Using Crowdsourced Online Samples,10.1017/XPS.2018.7
Journal of Experimental Political Science,2018,5,3,Short Report,How to Survey About Electoral Turnout? Additional Evidence,10.1017/XPS.2018.1
Journal of Experimental Political Science,2018,5,3,"Front Cover (OFC, IFC) and matter",XPS volume 5 issue 3 Cover and Front matter,10.1017/XPS.2018.23
Journal of Experimental Political Science,2018,5,3,"Back Cover (IBC, OBC) and matter",XPS volume 5 issue 3 Cover and Back matter,10.1017/XPS.2018.24
Journal of Experimental Political Science,2018,5,2,Research Article,Preferences for Domestic Action Over International Transfers in Global Climate Policy,10.1017/XPS.2017.34
Journal of Experimental Political Science,2018,5,2,Research Article,"More Talk, Less Need for Monitoring: Communication and Deterrence in a Public Good Game",10.1017/XPS.2017.33
Journal of Experimental Political Science,2018,5,2,Research Article,Bridging the Partisan Divide on Immigration Policy Attitudes through a Bipartisan Issue Area: The Case of Human Trafficking,10.1017/XPS.2018.3
Journal of Experimental Political Science,2018,5,2,Research Article,Partisan Affiliation and the Evaluation of Non-Prototypical Candidates,10.1017/XPS.2017.35
Journal of Experimental Political Science,2018,5,2,Research Article,Diverse Pre-Treatment Effects in Survey Experiments,10.1017/XPS.2017.29
Journal of Experimental Political Science,2018,5,2,Short Report,"Sex Trafficking, Russian Infiltration, Birth Certificates, and Pedophilia: A Survey Experiment Correcting Fake News",10.1017/XPS.2017.32
Journal of Experimental Political Science,2018,5,2,"Front Cover (OFC, IFC) and matter",XPS volume 5 issue 2 Cover and Front matter,10.1017/XPS.2018.16
Journal of Experimental Political Science,2018,5,2,"Back Cover (IBC, OBC) and matter",XPS volume 5 issue 2 Cover and Back matter,10.1017/XPS.2018.17
Journal of Experimental Political Science,2018,5,1,Editor's Note,Introducing the New Editorial Team at the Journal of Experimental Political Science,10.1017/XPS.2017.27
Journal of Experimental Political Science,2018,5,1,Research Article,Football and Public Opinion: A Partial Replication and Extension,10.1017/XPS.2017.22
Journal of Experimental Political Science,2018,5,1,Research Article,"Institutions, Norms, and Accountability: A Corruption Experiment with Northern and Southern Italians",10.1017/XPS.2017.26
Journal of Experimental Political Science,2018,5,1,Research Article,The Effect of Segregation on Intergroup Relations,10.1017/XPS.2017.28
Journal of Experimental Political Science,2018,5,1,Research Article,Gender Differences in Political Knowledge: Bringing Situation Back In,10.1017/XPS.2017.21
Journal of Experimental Political Science,2018,5,1,Research Article,Investigator Characteristics and Respondent Behavior in Online Surveys,10.1017/XPS.2017.25
Journal of Experimental Political Science,2018,5,1,Research Article,Are Donations to Charity an Effective Incentive for Public Officials?,10.1017/XPS.2017.20
Journal of Experimental Political Science,2018,5,1,Corrigendum,Football and Public Opinion: A Partial Replication and Extension – CORRIGENDUM,10.1017/XPS.2018.5
Journal of Experimental Political Science,2018,5,1,"Front Cover (OFC, IFC) and matter",XPS volume 5 issue 1 Cover and Front matter,10.1017/XPS.2018.10
Journal of Experimental Political Science,2018,5,1,"Back Cover (IBC, OBC) and matter",XPS volume 5 issue 1 Cover and Back matter,10.1017/XPS.2018.11
Journal of Experimental Political Science,2017,4,3,Research Article,"Ethnoreligious Identity, Immigration, and Redistribution",10.1017/XPS.2017.13
Journal of Experimental Political Science,2017,4,3,Research Article,Just Don’t Call it a Tax! Framing in an Experiment on Voting and Redistribution,10.1017/XPS.2016.7
Journal of Experimental Political Science,2017,4,3,Research Article,Individual Preferences for FDI in Developing Countries: Experimental Evidence from China,10.1017/XPS.2017.15
Journal of Experimental Political Science,2017,4,3,Research Article,Who Cooperates? Reciprocity and the Causal Effect of Expected Cooperation in Representative Samples,10.1017/XPS.2017.16
Journal of Experimental Political Science,2017,4,3,Research Article,Looks and Sounds Like a Winner: Perceptions of Competence in Candidates’ Faces and Voices Influences Vote Choice,10.1017/XPS.2017.19
Journal of Experimental Political Science,2017,4,3,Research Article,How Responsive are Political Elites? A Meta-Analysis of Experiments on Public Officials*,10.1017/XPS.2017.14
Journal of Experimental Political Science,2017,4,3,"Front Cover (OFC, IFC) and matter",XPS volume 4 issue 3 Cover and Front matter,10.1017/XPS.2017.30
Journal of Experimental Political Science,2017,4,3,"Back Cover (IBC, OBC) and matter",XPS volume 4 issue 3 Cover and Back matter,10.1017/XPS.2017.31
Journal of Experimental Political Science,2017,4,2,Research Article,Costly Values: The Limited Benefits and Potential Costs of Targeted Policy Justifications,10.1017/XPS.2017.3
Journal of Experimental Political Science,2017,4,2,Research Article,How Much GOTV Mail is Too Much? Results from a Large-Scale Field Experiment,10.1017/XPS.2017.5
Journal of Experimental Political Science,2017,4,2,Research Article,"We Spend How Much? Misperceptions, Innumeracy, and Support for the Foreign Aid in the United States and Great Britain",10.1017/XPS.2017.6
Journal of Experimental Political Science,2017,4,2,Research Article,Politicians Appear More Competent When Using Numerical Rhetoric,10.1017/XPS.2017.7
Journal of Experimental Political Science,2017,4,2,Research Article,Status Quo Bias in Ballot Wording,10.1017/XPS.2017.9
Journal of Experimental Political Science,2017,4,2,Research Article,Developing Standards for Post-Hoc Weighting in Population-Based Survey Experiments,10.1017/XPS.2017.2
Journal of Experimental Political Science,2017,4,2,"Front Cover (OFC, IFC) and matter",XPS volume 4 issue 2 Cover and Front matter,10.1017/XPS.2017.23
Journal of Experimental Political Science,2017,4,2,"Back Cover (IBC, OBC) and matter",XPS volume 4 issue 2 Cover and Back matter,10.1017/XPS.2017.24
Journal of Experimental Political Science,2017,4,1,Research Article,Nationalism and Social Sanctioning Across Ethnic Lines: Experimental Evidence from the Kenya–Tanzania Border,10.1017/XPS.2017.10
Journal of Experimental Political Science,2017,4,1,Research Article,How Does Treatment Self-Selection Affect Inferences About Political Communication?,10.1017/XPS.2017.1
Journal of Experimental Political Science,2017,4,1,Research Article,Nothing to Lose: Charitable Donations as Incentives in Risk Preference Measurement,10.1017/XPS.2017.4
Journal of Experimental Political Science,2017,4,1,Research Article,Moving Beyond Measurement: Adapting Audit Studies to Test Bias-Reducing Interventions,10.1017/XPS.2017.11
Journal of Experimental Political Science,2017,4,1,Research Article,Anxiety Reduces Empathy Toward Outgroup Members But Not Ingroup Members,10.1017/XPS.2017.12
Journal of Experimental Political Science,2017,4,1,Research Article,Media Priming Effect: A Preregistered Replication Experiment,10.1017/XPS.2017.8
Journal of Experimental Political Science,2017,4,1,"Front Cover (OFC, IFC) and matter",XPS volume 4 issue 1 Cover and Front matter,10.1017/XPS.2017.17
Journal of Experimental Political Science,2017,4,1,"Back Cover (IBC, OBC) and matter",XPS volume 4 issue 1 Cover and Back matter,10.1017/XPS.2017.18
Journal of Experimental Political Science,2016,3,2,Research Article,Classified or Coverup? The Effect of Redactions on Conspiracy Theory Beliefs,10.1017/XPS.2015.21
Journal of Experimental Political Science,2016,3,2,Research Article,Cooperating with the State: Evidence from Survey Experiments on Policing*,10.1017/XPS.2015.18
Journal of Experimental Political Science,2016,3,2,Research Article,Too Much an Out-Group? How Nonverbal Cues About Gender and Ethnicity Affect Candidate Support,10.1017/XPS.2015.15
Journal of Experimental Political Science,2016,3,2,Research Article,Experimental Evidence on the Relationship Between Candidate Funding Sources and Voter Evaluations,10.1017/XPS.2016.5
Journal of Experimental Political Science,2016,3,2,Research Article,Discussion Group Composition and Deliberation Experience,10.1017/XPS.2016.6
Journal of Experimental Political Science,2016,3,2,Research Article,Emotional Responses to Disturbing Political News: The Role of Personality*,10.1017/XPS.2015.22
Journal of Experimental Political Science,2016,3,2,Research Article,Committee Decisions under Majority Rule Revisited,10.1017/XPS.2015.16
Journal of Experimental Political Science,2016,3,2,Research Article,Pastors for Pinochet: Authoritarian Stereotypes and Voting for Evangelicals in Chile,10.1017/XPS.2015.17
Journal of Experimental Political Science,2016,3,2,Corrigendum,“Information Spillovers: Another Look at Experimental Estimates of Legislator Responsiveness”—CORRIGENDUM,10.1017/XPS.2016.8
Journal of Experimental Political Science,2016,3,2,"Front Cover (OFC, IFC) and matter",XPS volume 3 issue 2 Cover and Front matter,10.1017/XPS.2016.9
Journal of Experimental Political Science,2016,3,2,"Back Cover (IBC, OBC) and matter",XPS volume 3 issue 2 Cover and Back matter,10.1017/XPS.2016.10
Journal of Experimental Political Science,2016,3,1,Editor's Note,Continuity and Change at the Journal of Experimental Political Science,10.1017/XPS.2016.1
Journal of Experimental Political Science,2016,3,1,Research Article,Improving Electoral Integrity with Information and Communications Technology,10.1017/XPS.2015.14
Journal of Experimental Political Science,2016,3,1,Research Article,Electronic Voting and Perceptions of Election Fraud and Fairness,10.1017/XPS.2015.9
Journal of Experimental Political Science,2016,3,1,Research Article,Partisanship and Perceptions of Fairness: Ignoring the Facts,10.1017/XPS.2015.6
Journal of Experimental Political Science,2016,3,1,Research Article,Losing Hurts: The Happiness Impact of Partisan Electoral Loss,10.1017/XPS.2015.8
Journal of Experimental Political Science,2016,3,1,Research Article,Race and Responsiveness: An Experiment with South African Politicians*,10.1017/XPS.2015.10
Journal of Experimental Political Science,2016,3,1,Research Article,The Electoral Sweet Spot in the Lab,10.1017/XPS.2015.7
Journal of Experimental Political Science,2016,3,1,Research Article,Interactivity between Candidates and Citizens on a Social Networking Site: Effects on Perceptions and Vote Intentions,10.1017/XPS.2014.29
Journal of Experimental Political Science,2016,3,1,Research Article,Democratic Like Us? Political Orientation and the Effect of Making Democracy Salient on Anti-Israel Attitude,10.1017/XPS.2015.13
Journal of Experimental Political Science,2016,3,1,"Front Cover (OFC, IFC) and matter",XPS volume 3 issue 1 Cover and Front matter,10.1017/XPS.2016.2
Journal of Experimental Political Science,2016,3,1,"Back Cover (IBC, OBC) and matter",XPS volume 3 issue 1 Cover and Back matter,10.1017/XPS.2016.3
Journal of Experimental Political Science,2015,2,2,Editors' Note,Farewell to JEPS!,10.1017/XPS.2015.23
Journal of Experimental Political Science,2015,2,2,Research Article,The Generalizability of Survey Experiments*,10.1017/XPS.2015.19
Journal of Experimental Political Science,2015,2,2,Research Article,When Do Conflicting Parties Share Political Power?,10.1017/XPS.2015.2
Journal of Experimental Political Science,2015,2,2,Research Article,Do Better Committee Assignments Meaningfully Benefit Legislators? Evidence from a Randomized Experiment in the Arkansas State Legislature,10.1017/XPS.2014.30
Journal of Experimental Political Science,2015,2,2,Research Article,Foreign Aid and Government Legitimacy,10.1017/XPS.2014.31
Journal of Experimental Political Science,2015,2,2,Research Article,"It's a Mad, Mad World: Using Emotion Inductions in a Survey",10.1017/XPS.2015.5
Journal of Experimental Political Science,2015,2,2,Research Article,Encouraging Small Donor Contributions: A Field Experiment Testing the Effects of Nonpartisan Messages,10.1017/XPS.2015.1
Journal of Experimental Political Science,2015,2,2,Research Article,Standards for Experimental Research: Encouraging a Better Understanding of Experimental Methods,10.1017/XPS.2015.4
Journal of Experimental Political Science,2015,2,2,Response,"Reporting Balance Tables, Response Rates and Manipulation Checks in Experimental Research: A Reply from the Committee that Prepared the Reporting Guidelines",10.1017/XPS.2015.20
Journal of Experimental Political Science,2015,2,2,"Front Cover (OFC, IFC) and matter",XPS volume 2 issue 2 Cover and Front matter,10.1017/XPS.2015.24
Journal of Experimental Political Science,2015,2,2,"Back Cover (IBC, OBC) and matter",XPS volume 2 issue 2 Cover and Back matter,10.1017/XPS.2015.25
Journal of Experimental Political Science,2015,2,1,Research Article,Do African Voters Favor Coethnics? Evidence from a Survey Experiment in Benin,10.1017/XPS.2014.26
Journal of Experimental Political Science,2015,2,1,Research Article,How Does Media Choice Affect Hostile Media Perceptions? Evidence from Participant Preference Experiments,10.1017/xps.2014.10
Journal of Experimental Political Science,2015,2,1,Research Article,Does the Message Matter? A Field Experiment on Political Party Recruitment,10.1017/xps.2014.17
Journal of Experimental Political Science,2015,2,1,Research Article,Humanizing the Outgroup in Contexts of Protracted Intergroup Conflict,10.1017/xps.2014.20
Journal of Experimental Political Science,2015,2,1,Research Article,Social Identity and Voting in Afghanistan: Evidence from a Survey Experiment,10.1017/XPS.2014.28
Journal of Experimental Political Science,2015,2,1,Research Article,Attitudes to Moonlighting Politicians: Evidence from the United Kingdom,10.1017/XPS.2014.21
Journal of Experimental Political Science,2015,2,1,Research Article,Effects of Anti-Black Political Messages on Self-Esteem,10.1017/XPS.2014.27
Journal of Experimental Political Science,2015,2,1,Research Article,Displacing Misinformation about Events: An Experimental Test of Causal Corrections,10.1017/XPS.2014.22
Journal of Experimental Political Science,2015,2,1,Research Article,Individual versus Group Play in the Repeated Coordinated Resistance Game,10.1017/XPS.2015.3
Journal of Experimental Political Science,2015,2,1,"Front Cover (OFC, IFC) and matter",XPS volume 2 issue 1 Cover and Front matter,10.1017/xps.2015.11
Journal of Experimental Political Science,2015,2,1,"Back Cover (IBC, OBC) and matter",XPS volume 2 issue 1 Cover and Back matter,10.1017/xps.2015.12
Journal of Experimental Political Science,2014,1,2,Editorial,"Experiments, Journals, and Ethics",10.1017/xps.2014.23
Journal of Experimental Political Science,2014,1,2,Research Article,Mobilizing Candidates: Political Actors Strategically Shape the Candidate Pool with Personal Appeals,10.1017/xps.2014.3
Journal of Experimental Political Science,2014,1,2,Research Article,Is There a Cost to Convenience? An Experimental Comparison of Data Quality in Laboratory and Online Studies,10.1017/xps.2014.5
Journal of Experimental Political Science,2014,1,2,Research Article,Voters Don't Care Much About Incumbency,10.1017/xps.2014.6
Journal of Experimental Political Science,2014,1,2,Research Article,Partisan Bias in Blame Attribution: When Does it Occur?,10.1017/xps.2014.8
Journal of Experimental Political Science,2014,1,2,Research Article,Information Spillovers: Another Look at Experimental Estimates of Legislator Responsiveness,10.1017/xps.2014.9
Journal of Experimental Political Science,2014,1,2,Research Article,Ethnicity and Altruism After Violence: The Contact Hypothesis in Kosovo,10.1017/xps.2014.18
Journal of Experimental Political Science,2014,1,2,Research Article,An Experimental Study of Electoral Incentives and Institutional Choice,10.1017/xps.2014.19
Journal of Experimental Political Science,2014,1,2,"Front Cover (OFC, IFC) and matter",XPS volume 1 issue 2 Cover and Front matter,10.1017/xps.2014.24
Journal of Experimental Political Science,2014,1,2,"Back Cover (IBC, OBC) and matter",XPS volume 1 issue 2 Cover and Back matter,10.1017/xps.2014.25
Journal of Experimental Political Science,2014,1,1,Editorial,Welcome to JEPS!,10.1017/xps.2014.15
Journal of Experimental Political Science,2014,1,1,Research Article,Building Confidence in Elections: The Case of Electoral Monitors in Kosova,10.1017/xps.2013.1
Journal of Experimental Political Science,2014,1,1,Research Article,Full Transparency of Politicians' Actions Does Not Increase the Quality of Political Representation,10.1017/xps.2014.1
Journal of Experimental Political Science,2014,1,1,Research Article,Communication and Collective Actions: A Survey Experiment on Motivating Energy Conservation in the U.S.,10.1017/xps.2014.2
Journal of Experimental Political Science,2014,1,1,Research Article,Can More Be Less? An Experimental Test of the Resource Curse,10.1017/xps.2014.4
Journal of Experimental Political Science,2014,1,1,Research Article,Cross-Sample Comparisons and External Validity,10.1017/xps.2014.7
Journal of Experimental Political Science,2014,1,1,Research Article,Reporting Guidelines for Experimental Research: A Report from the Experimental Research Section Standards Committee,10.1017/xps.2014.11
Journal of Experimental Political Science,2014,1,1,"Front Cover (OFC, IFC) and matter",XPS volume 1 issue 1 Cover and Front matter,10.1017/xps.2014.13
Journal of Experimental Political Science,2014,1,1,"Back Cover (IBC, OBC) and matter",XPS volume 1 issue 1 Cover and Back matter,10.1017/xps.2014.14
